mutant,wt_residue,position,mut_residue,mutated_sequence,DMS_score,DMS_score_bin,esm2_t33_650M_UR50D
V5H,V,5,H,SFNTHDEWLEAIKMGQYKESFANAGFTSFDVVSQMMMEDILRVGVTLAGHQKKILNSIQVMRAQMN,-3.1905027013099625,0,-8.83837890625
V5G,V,5,G,SFNTGDEWLEAIKMGQYKESFANAGFTSFDVVSQMMMEDILRVGVTLAGHQKKILNSIQVMRAQMN,-3.692018289449521,0,-8.05833911895752
V5E,V,5,E,SFNTEDEWLEAIKMGQYKESFANAGFTSFDVVSQMMMEDILRVGVTLAGHQKKILNSIQVMRAQMN,-3.710088090287722,0,-9.045631408691406
V5D,V,5,D,SFNTDDEWLEAIKMGQYKESFANAGFTSFDVVSQMMMEDILRVGVTLAGHQKKILNSIQVMRAQMN,-3.3476041564698766,0,-9.251703262329102
V5R,V,5,R,SFNTRDEWLEAIKMGQYKESFANAGFTSFDVVSQMMMEDILRVGVTLAGHQKKILNSIQVMRAQMN,-3.3604776082932126,0,-9.557906150817873
V5Q,V,5,Q,SFNTQDEWLEAIKMGQYKESFANAGFTSFDVVSQMMMEDILRVGVTLAGHQKKILNSIQVMRAQMN,-3.736649712859872,0,-9.003265380859375
V5N,V,5,N,SFNTNDEWLEAIKMGQYKESFANAGFTSFDVVSQMMMEDILRVGVTLAGHQKKILNSIQVMRAQMN,-3.6411301524944086,0,-7.297840118408203
V5K,V,5,K,SFNTKDEWLEAIKMGQYKESFANAGFTSFDVVSQMMMEDILRVGVTLAGHQKKILNSIQVMRAQMN,-3.091422465401937,0,-9.605810165405272
W8G,W,8,G,SFNTVDEGLEAIKMGQYKESFANAGFTSFDVVSQMMMEDILRVGVTLAGHQKKILNSIQVMRAQMN,-5.292036790943972,0,-10.42317008972168
W8E,W,8,E,SFNTVDEELEAIKMGQYKESFANAGFTSFDVVSQMMMEDILRVGVTLAGHQKKILNSIQVMRAQMN,-4.540056957774155,0,-13.016754150390623
W8D,W,8,D,SFNTVDEDLEAIKMGQYKESFANAGFTSFDVVSQMMMEDILRVGVTLAGHQKKILNSIQVMRAQMN,-3.8981900685974855,0,-13.813961029052734
W8A,W,8,A,SFNTVDEALEAIKMGQYKESFANAGFTSFDVVSQMMMEDILRVGVTLAGHQKKILNSIQVMRAQMN,-3.610898823866535,0,-9.733551025390623
W8N,W,8,N,SFNTVDENLEAIKMGQYKESFANAGFTSFDVVSQMMMEDILRVGVTLAGHQKKILNSIQVMRAQMN,-3.734588088486938,0,-12.289258003234863
W8K,W,8,K,SFNTVDEKLEAIKMGQYKESFANAGFTSFDVVSQMMMEDILRVGVTLAGHQKKILNSIQVMRAQMN,-3.8436140594335466,0,-11.875879287719728
W8I,W,8,I,SFNTVDEILEAIKMGQYKESFANAGFTSFDVVSQMMMEDILRVGVTLAGHQKKILNSIQVMRAQMN,-3.5555675383509,0,-8.686197280883789
W8H,W,8,H,SFNTVDEHLEAIKMGQYKESFANAGFTSFDVVSQMMMEDILRVGVTLAGHQKKILNSIQVMRAQMN,-3.266545848379452,0,-11.245838165283203
W8S,W,8,S,SFNTVDESLEAIKMGQYKESFANAGFTSFDVVSQMMMEDILRVGVTLAGHQKKILNSIQVMRAQMN,-4.014671649604425,0,-9.989091873168944
W8R,W,8,R,SFNTVDERLEAIKMGQYKESFANAGFTSFDVVSQMMMEDILRVGVTLAGHQKKILNSIQVMRAQMN,-4.053639760570568,0,-9.109515190124512
W8Q,W,8,Q,SFNTVDEQLEAIKMGQYKESFANAGFTSFDVVSQMMMEDILRVGVTLAGHQKKILNSIQVMRAQMN,-3.9017477519716586,0,-11.45148754119873
W8P,W,8,P,SFNTVDEPLEAIKMGQYKESFANAGFTSFDVVSQMMMEDILRVGVTLAGHQKKILNSIQVMRAQMN,-3.6683923006419,0,-13.193547248840332
W8V,W,8,V,SFNTVDEVLEAIKMGQYKESFANAGFTSFDVVSQMMMEDILRVGVTLAGHQKKILNSIQVMRAQMN,-3.423148883455742,0,-8.358628273010254
W8T,W,8,T,SFNTVDETLEAIKMGQYKESFANAGFTSFDVVSQMMMEDILRVGVTLAGHQKKILNSIQVMRAQMN,-3.956940005942273,0,-10.619141578674316
L9D,L,9,D,SFNTVDEWDEAIKMGQYKESFANAGFTSFDVVSQMMMEDILRVGVTLAGHQKKILNSIQVMRAQMN,-3.388954109923789,0,-14.98406219482422
L9A,L,9,A,SFNTVDEWAEAIKMGQYKESFANAGFTSFDVVSQMMMEDILRVGVTLAGHQKKILNSIQVMRAQMN,-3.2461495034905266,0,-10.846273422241213
L9K,L,9,K,SFNTVDEWKEAIKMGQYKESFANAGFTSFDVVSQMMMEDILRVGVTLAGHQKKILNSIQVMRAQMN,-4.013105055702021,0,-12.774809837341309
L9H,L,9,H,SFNTVDEWHEAIKMGQYKESFANAGFTSFDVVSQMMMEDILRVGVTLAGHQKKILNSIQVMRAQMN,-3.7702680380849767,0,-12.24501609802246
L9G,L,9,G,SFNTVDEWGEAIKMGQYKESFANAGFTSFDVVSQMMMEDILRVGVTLAGHQKKILNSIQVMRAQMN,-4.291715548130815,0,-12.36107063293457
L9E,L,9,E,SFNTVDEWEEAIKMGQYKESFANAGFTSFDVVSQMMMEDILRVGVTLAGHQKKILNSIQVMRAQMN,-3.2712059705252083,0,-14.122011184692385
L9R,L,9,R,SFNTVDEWREAIKMGQYKESFANAGFTSFDVVSQMMMEDILRVGVTLAGHQKKILNSIQVMRAQMN,-3.660293898259188,0,-11.51043701171875
L9Q,L,9,Q,SFNTVDEWQEAIKMGQYKESFANAGFTSFDVVSQMMMEDILRVGVTLAGHQKKILNSIQVMRAQMN,-3.124718758979567,0,-10.981321334838867
L9P,L,9,P,SFNTVDEWPEAIKMGQYKESFANAGFTSFDVVSQMMMEDILRVGVTLAGHQKKILNSIQVMRAQMN,-3.885932527197871,0,-10.632797241210938
L9N,L,9,N,SFNTVDEWNEAIKMGQYKESFANAGFTSFDVVSQMMMEDILRVGVTLAGHQKKILNSIQVMRAQMN,-3.558902003172438,0,-12.751301765441896
L9T,L,9,T,SFNTVDEWTEAIKMGQYKESFANAGFTSFDVVSQMMMEDILRVGVTLAGHQKKILNSIQVMRAQMN,-3.676567519937908,0,-9.902946472167969
L9S,L,9,S,SFNTVDEWSEAIKMGQYKESFANAGFTSFDVVSQMMMEDILRVGVTLAGHQKKILNSIQVMRAQMN,-3.4462845711139627,0,-10.70630931854248
E10P,E,10,P,SFNTVDEWLPAIKMGQYKESFANAGFTSFDVVSQMMMEDILRVGVTLAGHQKKILNSIQVMRAQMN,-3.270740041999357,0,-5.755038261413574
A11P,A,11,P,SFNTVDEWLEPIKMGQYKESFANAGFTSFDVVSQMMMEDILRVGVTLAGHQKKILNSIQVMRAQMN,-3.883658259599692,0,-7.807187080383301
I12P,I,12,P,SFNTVDEWLEAPKMGQYKESFANAGFTSFDVVSQMMMEDILRVGVTLAGHQKKILNSIQVMRAQMN,-3.647670701609628,0,-9.605594635009766
K13P,K,13,P,SFNTVDEWLEAIPMGQYKESFANAGFTSFDVVSQMMMEDILRVGVTLAGHQKKILNSIQVMRAQMN,-3.007751632054833,0,-6.604030609130859
M14E,M,14,E,SFNTVDEWLEAIKEGQYKESFANAGFTSFDVVSQMMMEDILRVGVTLAGHQKKILNSIQVMRAQMN,-3.201554694204398,0,-8.85397720336914
M14D,M,14,D,SFNTVDEWLEAIKDGQYKESFANAGFTSFDVVSQMMMEDILRVGVTLAGHQKKILNSIQVMRAQMN,-3.9122954460760937,0,-12.028566360473633
M14R,M,14,R,SFNTVDEWLEAIKRGQYKESFANAGFTSFDVVSQMMMEDILRVGVTLAGHQKKILNSIQVMRAQMN,-3.439009942716344,0,-9.38473892211914
M14P,M,14,P,SFNTVDEWLEAIKPGQYKESFANAGFTSFDVVSQMMMEDILRVGVTLAGHQKKILNSIQVMRAQMN,-3.301440477362562,0,-9.171817779541016
M14K,M,14,K,SFNTVDEWLEAIKKGQYKESFANAGFTSFDVVSQMMMEDILRVGVTLAGHQKKILNSIQVMRAQMN,-3.300774387060728,0,-8.648862838745117
M14T,M,14,T,SFNTVDEWLEAIKTGQYKESFANAGFTSFDVVSQMMMEDILRVGVTLAGHQKKILNSIQVMRAQMN,-3.094275189054945,0,-7.67201042175293
M14N,M,14,N,SFNTVDEWLEAIKNGQYKESFANAGFTSFDVVSQMMMEDILRVGVTLAGHQKKILNSIQVMRAQMN,-3.3654293309358487,0,-9.446185111999512
Y17A,Y,17,A,SFNTVDEWLEAIKMGQAKESFANAGFTSFDVVSQMMMEDILRVGVTLAGHQKKILNSIQVMRAQMN,-3.5970850948979134,0,-12.578763961791992
Y17D,Y,17,D,SFNTVDEWLEAIKMGQDKESFANAGFTSFDVVSQMMMEDILRVGVTLAGHQKKILNSIQVMRAQMN,-3.6655030575643086,0,-11.67243194580078
Y17E,Y,17,E,SFNTVDEWLEAIKMGQEKESFANAGFTSFDVVSQMMMEDILRVGVTLAGHQKKILNSIQVMRAQMN,-3.534469892136032,0,-12.675566673278809
Y17V,Y,17,V,SFNTVDEWLEAIKMGQVKESFANAGFTSFDVVSQMMMEDILRVGVTLAGHQKKILNSIQVMRAQMN,-3.132258534771694,0,-11.15466022491455
Y17T,Y,17,T,SFNTVDEWLEAIKMGQTKESFANAGFTSFDVVSQMMMEDILRVGVTLAGHQKKILNSIQVMRAQMN,-3.404576504193452,0,-12.366069793701172
Y17S,Y,17,S,SFNTVDEWLEAIKMGQSKESFANAGFTSFDVVSQMMMEDILRVGVTLAGHQKKILNSIQVMRAQMN,-3.4166049177982694,0,-11.0880765914917
Y17R,Y,17,R,SFNTVDEWLEAIKMGQRKESFANAGFTSFDVVSQMMMEDILRVGVTLAGHQKKILNSIQVMRAQMN,-3.358873673159032,0,-12.422513961791992
Y17Q,Y,17,Q,SFNTVDEWLEAIKMGQQKESFANAGFTSFDVVSQMMMEDILRVGVTLAGHQKKILNSIQVMRAQMN,-3.451975963083859,0,-11.447171211242676
Y17P,Y,17,P,SFNTVDEWLEAIKMGQPKESFANAGFTSFDVVSQMMMEDILRVGVTLAGHQKKILNSIQVMRAQMN,-3.337821338904772,0,-12.896246910095217
Y17N,Y,17,N,SFNTVDEWLEAIKMGQNKESFANAGFTSFDVVSQMMMEDILRVGVTLAGHQKKILNSIQVMRAQMN,-3.673452804456869,0,-10.035082817077637
Y17M,Y,17,M,SFNTVDEWLEAIKMGQMKESFANAGFTSFDVVSQMMMEDILRVGVTLAGHQKKILNSIQVMRAQMN,-3.183806963073754,0,-12.025611877441406
Y17K,Y,17,K,SFNTVDEWLEAIKMGQKKESFANAGFTSFDVVSQMMMEDILRVGVTLAGHQKKILNSIQVMRAQMN,-3.630388066411317,0,-13.091411590576172
Y17I,Y,17,I,SFNTVDEWLEAIKMGQIKESFANAGFTSFDVVSQMMMEDILRVGVTLAGHQKKILNSIQVMRAQMN,-3.214682454583467,0,-11.068265914916992
Y17G,Y,17,G,SFNTVDEWLEAIKMGQGKESFANAGFTSFDVVSQMMMEDILRVGVTLAGHQKKILNSIQVMRAQMN,-3.6193630896555664,0,-14.399121284484863
K18P,K,18,P,SFNTVDEWLEAIKMGQYPESFANAGFTSFDVVSQMMMEDILRVGVTLAGHQKKILNSIQVMRAQMN,-3.2556062836466007,0,-7.948256969451904
F21Q,F,21,Q,SFNTVDEWLEAIKMGQYKESQANAGFTSFDVVSQMMMEDILRVGVTLAGHQKKILNSIQVMRAQMN,-3.3076622925792045,0,-13.111251831054688
F21R,F,21,R,SFNTVDEWLEAIKMGQYKESRANAGFTSFDVVSQMMMEDILRVGVTLAGHQKKILNSIQVMRAQMN,-3.729781725949104,0,-12.350912094116213
F21N,F,21,N,SFNTVDEWLEAIKMGQYKESNANAGFTSFDVVSQMMMEDILRVGVTLAGHQKKILNSIQVMRAQMN,-3.69144379183928,0,-13.258718490600586
F21D,F,21,D,SFNTVDEWLEAIKMGQYKESDANAGFTSFDVVSQMMMEDILRVGVTLAGHQKKILNSIQVMRAQMN,-3.657361768126041,0,-14.366363525390623
F21S,F,21,S,SFNTVDEWLEAIKMGQYKESSANAGFTSFDVVSQMMMEDILRVGVTLAGHQKKILNSIQVMRAQMN,-3.5880434900540368,0,-10.83734893798828
F21T,F,21,T,SFNTVDEWLEAIKMGQYKESTANAGFTSFDVVSQMMMEDILRVGVTLAGHQKKILNSIQVMRAQMN,-3.0023437626742675,0,-11.34348487854004
F21V,F,21,V,SFNTVDEWLEAIKMGQYKESVANAGFTSFDVVSQMMMEDILRVGVTLAGHQKKILNSIQVMRAQMN,-3.004252817831147,0,-7.946594715118408
F21H,F,21,H,SFNTVDEWLEAIKMGQYKESHANAGFTSFDVVSQMMMEDILRVGVTLAGHQKKILNSIQVMRAQMN,-3.776953718547059,0,-11.8822603225708
F21E,F,21,E,SFNTVDEWLEAIKMGQYKESEANAGFTSFDVVSQMMMEDILRVGVTLAGHQKKILNSIQVMRAQMN,-3.649796118798877,0,-14.507235527038574
F21G,F,21,G,SFNTVDEWLEAIKMGQYKESGANAGFTSFDVVSQMMMEDILRVGVTLAGHQKKILNSIQVMRAQMN,-4.025616660796624,0,-14.06291675567627
F21K,F,21,K,SFNTVDEWLEAIKMGQYKESKANAGFTSFDVVSQMMMEDILRVGVTLAGHQKKILNSIQVMRAQMN,-3.64847638529385,0,-14.05692195892334
F21A,F,21,A,SFNTVDEWLEAIKMGQYKESAANAGFTSFDVVSQMMMEDILRVGVTLAGHQKKILNSIQVMRAQMN,-3.8139066832197335,0,-11.620782852172852
F21P,F,21,P,SFNTVDEWLEAIKMGQYKESPANAGFTSFDVVSQMMMEDILRVGVTLAGHQKKILNSIQVMRAQMN,-3.684826778285114,0,-11.08567237854004
A22P,A,22,P,SFNTVDEWLEAIKMGQYKESFPNAGFTSFDVVSQMMMEDILRVGVTLAGHQKKILNSIQVMRAQMN,-3.5187541787257777,0,-6.784686088562012
A24P,A,24,P,SFNTVDEWLEAIKMGQYKESFANPGFTSFDVVSQMMMEDILRVGVTLAGHQKKILNSIQVMRAQMN,-3.20931133050056,0,-7.848060607910156
G25P,G,25,P,SFNTVDEWLEAIKMGQYKESFANAPFTSFDVVSQMMMEDILRVGVTLAGHQKKILNSIQVMRAQMN,-3.2623903980223576,0,-10.34020709991455
F26P,F,26,P,SFNTVDEWLEAIKMGQYKESFANAGPTSFDVVSQMMMEDILRVGVTLAGHQKKILNSIQVMRAQMN,-3.448040930248727,0,-12.317922592163086
F26E,F,26,E,SFNTVDEWLEAIKMGQYKESFANAGETSFDVVSQMMMEDILRVGVTLAGHQKKILNSIQVMRAQMN,-3.2274928335637134,0,-11.252710342407228
F26D,F,26,D,SFNTVDEWLEAIKMGQYKESFANAGDTSFDVVSQMMMEDILRVGVTLAGHQKKILNSIQVMRAQMN,-3.4315588577920906,0,-11.334686279296877
S28P,S,28,P,SFNTVDEWLEAIKMGQYKESFANAGFTPFDVVSQMMMEDILRVGVTLAGHQKKILNSIQVMRAQMN,-3.3087783427923565,0,-5.24302864074707
F29D,F,29,D,SFNTVDEWLEAIKMGQYKESFANAGFTSDDVVSQMMMEDILRVGVTLAGHQKKILNSIQVMRAQMN,-3.5267158624318635,0,-7.994986534118652
V32S,V,32,S,SFNTVDEWLEAIKMGQYKESFANAGFTSFDVSSQMMMEDILRVGVTLAGHQKKILNSIQVMRAQMN,-3.300858540931509,0,-5.463544845581055
V32N,V,32,N,SFNTVDEWLEAIKMGQYKESFANAGFTSFDVNSQMMMEDILRVGVTLAGHQKKILNSIQVMRAQMN,-3.907727446809973,0,-9.026589393615724
V32R,V,32,R,SFNTVDEWLEAIKMGQYKESFANAGFTSFDVRSQMMMEDILRVGVTLAGHQKKILNSIQVMRAQMN,-3.637982752393345,0,-10.133444786071776
V32D,V,32,D,SFNTVDEWLEAIKMGQYKESFANAGFTSFDVDSQMMMEDILRVGVTLAGHQKKILNSIQVMRAQMN,-3.6172302798856935,0,-10.72519588470459
V32P,V,32,P,SFNTVDEWLEAIKMGQYKESFANAGFTSFDVPSQMMMEDILRVGVTLAGHQKKILNSIQVMRAQMN,-3.805591502435573,0,-8.528257369995117
V32G,V,32,G,SFNTVDEWLEAIKMGQYKESFANAGFTSFDVGSQMMMEDILRVGVTLAGHQKKILNSIQVMRAQMN,-3.507164719053628,0,-8.410832405090332
V32K,V,32,K,SFNTVDEWLEAIKMGQYKESFANAGFTSFDVKSQMMMEDILRVGVTLAGHQKKILNSIQVMRAQMN,-3.8181043402697874,0,-10.398792266845703
V32Q,V,32,Q,SFNTVDEWLEAIKMGQYKESFANAGFTSFDVQSQMMMEDILRVGVTLAGHQKKILNSIQVMRAQMN,-3.7113155376862528,0,-8.29461669921875
V32E,V,32,E,SFNTVDEWLEAIKMGQYKESFANAGFTSFDVESQMMMEDILRVGVTLAGHQKKILNSIQVMRAQMN,-3.4802876133556824,0,-10.697525024414062
M35E,M,35,E,SFNTVDEWLEAIKMGQYKESFANAGFTSFDVVSQEMMEDILRVGVTLAGHQKKILNSIQVMRAQMN,-3.4310555846075417,0,-11.238896369934082
M35S,M,35,S,SFNTVDEWLEAIKMGQYKESFANAGFTSFDVVSQSMMEDILRVGVTLAGHQKKILNSIQVMRAQMN,-3.1608778281998013,0,-7.962031364440918
M35H,M,35,H,SFNTVDEWLEAIKMGQYKESFANAGFTSFDVVSQHMMEDILRVGVTLAGHQKKILNSIQVMRAQMN,-3.451415489573688,0,-10.964454650878906
M35N,M,35,N,SFNTVDEWLEAIKMGQYKESFANAGFTSFDVVSQNMMEDILRVGVTLAGHQKKILNSIQVMRAQMN,-3.6952497015866506,0,-9.948582649230955
M35P,M,35,P,SFNTVDEWLEAIKMGQYKESFANAGFTSFDVVSQPMMEDILRVGVTLAGHQKKILNSIQVMRAQMN,-3.822002907325325,0,-10.474935531616213
M35G,M,35,G,SFNTVDEWLEAIKMGQYKESFANAGFTSFDVVSQGMMEDILRVGVTLAGHQKKILNSIQVMRAQMN,-3.187301579430565,0,-9.852153778076172
M35D,M,35,D,SFNTVDEWLEAIKMGQYKESFANAGFTSFDVVSQDMMEDILRVGVTLAGHQKKILNSIQVMRAQMN,-3.755776554788768,0,-11.111867904663086
M35Y,M,35,Y,SFNTVDEWLEAIKMGQYKESFANAGFTSFDVVSQYMMEDILRVGVTLAGHQKKILNSIQVMRAQMN,-3.299520569646804,0,-8.653768539428711
M35R,M,35,R,SFNTVDEWLEAIKMGQYKESFANAGFTSFDVVSQRMMEDILRVGVTLAGHQKKILNSIQVMRAQMN,-3.461987483055027,0,-10.960610389709473
M35Q,M,35,Q,SFNTVDEWLEAIKMGQYKESFANAGFTSFDVVSQQMMEDILRVGVTLAGHQKKILNSIQVMRAQMN,-3.063828880914749,0,-9.977164268493652
I40K,I,40,K,SFNTVDEWLEAIKMGQYKESFANAGFTSFDVVSQMMMEDKLRVGVTLAGHQKKILNSIQVMRAQMN,-3.691799422710145,0,-7.125204086303711
I40H,I,40,H,SFNTVDEWLEAIKMGQYKESFANAGFTSFDVVSQMMMEDHLRVGVTLAGHQKKILNSIQVMRAQMN,-3.5577931884583647,0,-4.169384956359863
I40G,I,40,G,SFNTVDEWLEAIKMGQYKESFANAGFTSFDVVSQMMMEDGLRVGVTLAGHQKKILNSIQVMRAQMN,-3.829759554561324,0,-7.432764053344727
I40E,I,40,E,SFNTVDEWLEAIKMGQYKESFANAGFTSFDVVSQMMMEDELRVGVTLAGHQKKILNSIQVMRAQMN,-4.152113535409689,0,-8.071381568908691
I40D,I,40,D,SFNTVDEWLEAIKMGQYKESFANAGFTSFDVVSQMMMEDDLRVGVTLAGHQKKILNSIQVMRAQMN,-4.503197315312106,0,-9.137195587158203
I40P,I,40,P,SFNTVDEWLEAIKMGQYKESFANAGFTSFDVVSQMMMEDPLRVGVTLAGHQKKILNSIQVMRAQMN,-3.528950747243112,0,-7.249407768249512
I40Q,I,40,Q,SFNTVDEWLEAIKMGQYKESFANAGFTSFDVVSQMMMEDQLRVGVTLAGHQKKILNSIQVMRAQMN,-3.696494508875893,0,-4.985602378845215
I40S,I,40,S,SFNTVDEWLEAIKMGQYKESFANAGFTSFDVVSQMMMEDSLRVGVTLAGHQKKILNSIQVMRAQMN,-3.3929379687069314,0,-5.87547492980957
I40N,I,40,N,SFNTVDEWLEAIKMGQYKESFANAGFTSFDVVSQMMMEDNLRVGVTLAGHQKKILNSIQVMRAQMN,-3.948926429751285,0,-7.417012214660644
I40R,I,40,R,SFNTVDEWLEAIKMGQYKESFANAGFTSFDVVSQMMMEDRLRVGVTLAGHQKKILNSIQVMRAQMN,-4.792639440166677,0,-6.074428558349609
R42P,R,42,P,SFNTVDEWLEAIKMGQYKESFANAGFTSFDVVSQMMMEDILPVGVTLAGHQKKILNSIQVMRAQMN,-3.123033215846121,0,-6.403216361999512
V43N,V,43,N,SFNTVDEWLEAIKMGQYKESFANAGFTSFDVVSQMMMEDILRNGVTLAGHQKKILNSIQVMRAQMN,-3.006958449306486,0,-6.173630714416504
V43R,V,43,R,SFNTVDEWLEAIKMGQYKESFANAGFTSFDVVSQMMMEDILRRGVTLAGHQKKILNSIQVMRAQMN,-3.0168746304370595,0,-7.812849998474121
V43K,V,43,K,SFNTVDEWLEAIKMGQYKESFANAGFTSFDVVSQMMMEDILRKGVTLAGHQKKILNSIQVMRAQMN,-3.631470793503525,0,-7.607274055480957
V43E,V,43,E,SFNTVDEWLEAIKMGQYKESFANAGFTSFDVVSQMMMEDILREGVTLAGHQKKILNSIQVMRAQMN,-3.815770785488517,0,-7.851160049438477
V43P,V,43,P,SFNTVDEWLEAIKMGQYKESFANAGFTSFDVVSQMMMEDILRPGVTLAGHQKKILNSIQVMRAQMN,-3.837150886823485,0,-9.742561340332031
V43Q,V,43,Q,SFNTVDEWLEAIKMGQYKESFANAGFTSFDVVSQMMMEDILRQGVTLAGHQKKILNSIQVMRAQMN,-3.15520006789955,0,-5.879525184631348
V43D,V,43,D,SFNTVDEWLEAIKMGQYKESFANAGFTSFDVVSQMMMEDILRDGVTLAGHQKKILNSIQVMRAQMN,-3.5088354512694533,0,-9.666505813598633
V43H,V,43,H,SFNTVDEWLEAIKMGQYKESFANAGFTSFDVVSQMMMEDILRHGVTLAGHQKKILNSIQVMRAQMN,-3.2642376582527497,0,-7.030332088470459
V45H,V,45,H,SFNTVDEWLEAIKMGQYKESFANAGFTSFDVVSQMMMEDILRVGHTLAGHQKKILNSIQVMRAQMN,-3.625520671398221,0,-11.280343055725098
V45W,V,45,W,SFNTVDEWLEAIKMGQYKESFANAGFTSFDVVSQMMMEDILRVGWTLAGHQKKILNSIQVMRAQMN,-3.00759811001621,0,-12.728134155273438
V45S,V,45,S,SFNTVDEWLEAIKMGQYKESFANAGFTSFDVVSQMMMEDILRVGSTLAGHQKKILNSIQVMRAQMN,-3.26849043261556,0,-9.652643203735352
V45R,V,45,R,SFNTVDEWLEAIKMGQYKESFANAGFTSFDVVSQMMMEDILRVGRTLAGHQKKILNSIQVMRAQMN,-3.1982356564271748,0,-12.73916244506836
V45N,V,45,N,SFNTVDEWLEAIKMGQYKESFANAGFTSFDVVSQMMMEDILRVGNTLAGHQKKILNSIQVMRAQMN,-3.455076910956125,0,-9.898370742797852
V45P,V,45,P,SFNTVDEWLEAIKMGQYKESFANAGFTSFDVVSQMMMEDILRVGPTLAGHQKKILNSIQVMRAQMN,-3.5326683612297,0,-10.26371955871582
V45D,V,45,D,SFNTVDEWLEAIKMGQYKESFANAGFTSFDVVSQMMMEDILRVGDTLAGHQKKILNSIQVMRAQMN,-3.4509556001825934,0,-13.304073333740234
V45E,V,45,E,SFNTVDEWLEAIKMGQYKESFANAGFTSFDVVSQMMMEDILRVGETLAGHQKKILNSIQVMRAQMN,-3.5590686623848526,0,-12.377338409423828
V45F,V,45,F,SFNTVDEWLEAIKMGQYKESFANAGFTSFDVVSQMMMEDILRVGFTLAGHQKKILNSIQVMRAQMN,-3.0320317046123746,0,-7.762635707855225
V45G,V,45,G,SFNTVDEWLEAIKMGQYKESFANAGFTSFDVVSQMMMEDILRVGGTLAGHQKKILNSIQVMRAQMN,-3.3489983683894446,0,-11.873515129089355
V45Q,V,45,Q,SFNTVDEWLEAIKMGQYKESFANAGFTSFDVVSQMMMEDILRVGQTLAGHQKKILNSIQVMRAQMN,-3.5331371511414407,0,-11.779194831848145
K52P,K,52,P,SFNTVDEWLEAIKMGQYKESFANAGFTSFDVVSQMMMEDILRVGVTLAGHQPKILNSIQVMRAQMN,-3.122755298579885,0,-10.317914962768556
I54S,I,54,S,SFNTVDEWLEAIKMGQYKESFANAGFTSFDVVSQMMMEDILRVGVTLAGHQKKSLNSIQVMRAQMN,-4.179541934418287,0,-10.364274978637695
I54G,I,54,G,SFNTVDEWLEAIKMGQYKESFANAGFTSFDVVSQMMMEDILRVGVTLAGHQKKGLNSIQVMRAQMN,-4.112191296914047,0,-12.233952522277832
I54Y,I,54,Y,SFNTVDEWLEAIKMGQYKESFANAGFTSFDVVSQMMMEDILRVGVTLAGHQKKYLNSIQVMRAQMN,-3.5109853770573887,0,-10.01278018951416
I54W,I,54,W,SFNTVDEWLEAIKMGQYKESFANAGFTSFDVVSQMMMEDILRVGVTLAGHQKKWLNSIQVMRAQMN,-3.5585112668045897,0,-10.203767776489258
I54E,I,54,E,SFNTVDEWLEAIKMGQYKESFANAGFTSFDVVSQMMMEDILRVGVTLAGHQKKELNSIQVMRAQMN,-4.227401421189578,0,-13.473546981811523
I54P,I,54,P,SFNTVDEWLEAIKMGQYKESFANAGFTSFDVVSQMMMEDILRVGVTLAGHQKKPLNSIQVMRAQMN,-4.550802394723608,0,-10.629266738891602
I54Q,I,54,Q,SFNTVDEWLEAIKMGQYKESFANAGFTSFDVVSQMMMEDILRVGVTLAGHQKKQLNSIQVMRAQMN,-3.902436784741094,0,-11.945388793945312
I54R,I,54,R,SFNTVDEWLEAIKMGQYKESFANAGFTSFDVVSQMMMEDILRVGVTLAGHQKKRLNSIQVMRAQMN,-4.136262039304597,0,-11.0580472946167
I54N,I,54,N,SFNTVDEWLEAIKMGQYKESFANAGFTSFDVVSQMMMEDILRVGVTLAGHQKKNLNSIQVMRAQMN,-4.487676360282528,0,-11.345767974853516
I54K,I,54,K,SFNTVDEWLEAIKMGQYKESFANAGFTSFDVVSQMMMEDILRVGVTLAGHQKKKLNSIQVMRAQMN,-3.1445094163611342,0,-11.586326599121094
I54H,I,54,H,SFNTVDEWLEAIKMGQYKESFANAGFTSFDVVSQMMMEDILRVGVTLAGHQKKHLNSIQVMRAQMN,-3.6398722692658354,0,-12.981053352355955
I54D,I,54,D,SFNTVDEWLEAIKMGQYKESFANAGFTSFDVVSQMMMEDILRVGVTLAGHQKKDLNSIQVMRAQMN,-4.461351599058742,0,-13.520330429077148
I54A,I,54,A,SFNTVDEWLEAIKMGQYKESFANAGFTSFDVVSQMMMEDILRVGVTLAGHQKKALNSIQVMRAQMN,-3.6219910633232297,0,-8.855796813964844
I54T,I,54,T,SFNTVDEWLEAIKMGQYKESFANAGFTSFDVVSQMMMEDILRVGVTLAGHQKKTLNSIQVMRAQMN,-3.694961737464863,0,-7.748188495635986
L55P,L,55,P,SFNTVDEWLEAIKMGQYKESFANAGFTSFDVVSQMMMEDILRVGVTLAGHQKKIPNSIQVMRAQMN,-4.276086304470458,0,-9.073631286621094
N56P,N,56,P,SFNTVDEWLEAIKMGQYKESFANAGFTSFDVVSQMMMEDILRVGVTLAGHQKKILPSIQVMRAQMN,-3.548963130479596,0,-8.768381118774414
S57P,S,57,P,SFNTVDEWLEAIKMGQYKESFANAGFTSFDVVSQMMMEDILRVGVTLAGHQKKILNPIQVMRAQMN,-3.675080647763944,0,-9.90209674835205
I58R,I,58,R,SFNTVDEWLEAIKMGQYKESFANAGFTSFDVVSQMMMEDILRVGVTLAGHQKKILNSRQVMRAQMN,-3.580787200442926,0,-7.876809597015381
I58Q,I,58,Q,SFNTVDEWLEAIKMGQYKESFANAGFTSFDVVSQMMMEDILRVGVTLAGHQKKILNSQQVMRAQMN,-3.172966961444268,0,-6.531351089477539
I58P,I,58,P,SFNTVDEWLEAIKMGQYKESFANAGFTSFDVVSQMMMEDILRVGVTLAGHQKKILNSPQVMRAQMN,-4.0576254389411694,0,-9.65529441833496
I58N,I,58,N,SFNTVDEWLEAIKMGQYKESFANAGFTSFDVVSQMMMEDILRVGVTLAGHQKKILNSNQVMRAQMN,-3.686173585538553,0,-7.747902393341064
I58K,I,58,K,SFNTVDEWLEAIKMGQYKESFANAGFTSFDVVSQMMMEDILRVGVTLAGHQKKILNSKQVMRAQMN,-3.03083558427878,0,-8.586440086364746
I58H,I,58,H,SFNTVDEWLEAIKMGQYKESFANAGFTSFDVVSQMMMEDILRVGVTLAGHQKKILNSHQVMRAQMN,-4.152202245142961,0,-7.740108966827393
I58S,I,58,S,SFNTVDEWLEAIKMGQYKESFANAGFTSFDVVSQMMMEDILRVGVTLAGHQKKILNSSQVMRAQMN,-3.0183146428774568,0,-7.332265377044678
I58Y,I,58,Y,SFNTVDEWLEAIKMGQYKESFANAGFTSFDVVSQMMMEDILRVGVTLAGHQKKILNSYQVMRAQMN,-3.423512402881683,0,-6.949153423309326
I58E,I,58,E,SFNTVDEWLEAIKMGQYKESFANAGFTSFDVVSQMMMEDILRVGVTLAGHQKKILNSEQVMRAQMN,-3.740868380224279,0,-9.963279724121094
I58D,I,58,D,SFNTVDEWLEAIKMGQYKESFANAGFTSFDVVSQMMMEDILRVGVTLAGHQKKILNSDQVMRAQMN,-3.838612518116876,0,-10.78395652770996
I58G,I,58,G,SFNTVDEWLEAIKMGQYKESFANAGFTSFDVVSQMMMEDILRVGVTLAGHQKKILNSGQVMRAQMN,-3.6026622039599894,0,-8.858172416687012
M61P,M,61,P,SFNTVDEWLEAIKMGQYKESFANAGFTSFDVVSQMMMEDILRVGVTLAGHQKKILNSIQVPRAQMN,-3.0419949099523014,0,-5.959896087646484
